dataset,score
common_gen,0.29935645870562044
anli,0.3434343434343434
bool_q,0.35353535353535354
